status;country
Cases;Guinea
Cases;Guinea
Cases;Guinea
Cases;Guinea
Cases;Guinea
Cases;Guinea
Cases;Guinea
Cases;Guinea
Cases;Guinea
Cases;Guinea
Cases;Guinea
Cases;Guinea
Cases;Guinea
Cases;Guinea
Cases;Guinea
Cases;Guinea
Cases;Guinea
Cases;Guinea
Cases;Guinea
Cases;Guinea
Cases;Guinea
Cases;Guinea
Cases;Guinea
Cases;Guinea
Cases;Guinea
Cases;Guinea
Cases;Guinea
Cases;Guinea
Cases;Guinea
Cases;Guinea
Deaths;Mali
Deaths;Mali
Deaths;Mali
Deaths;Mali
Deaths;Mali
Deaths;Mali
Deaths;Mali
Deaths;Mali
Deaths;Mali
Deaths;Mali
Deaths;Mali
Deaths;Mali
Deaths;Mali
Deaths;Mali
Deaths;Mali
Deaths;Mali
Deaths;Mali
Deaths;Mali
Deaths;Mali
Deaths;Mali
Deaths;Mali
Deaths;Mali
Deaths;Mali
Deaths;Mali
Deaths;Mali
Deaths;Mali
Deaths;Mali
Deaths;Mali
Deaths;Mali
Deaths;Mali
